Year,Code,Area,Cancer Type,Age-Adjusted Rate,Case Count,Population,per_100k
1999,AL,Alabama,Cervix,10.1,237,2293259,10.33
1999,AK,Alaska,Cervix,8.2,21,301266,6.97
1999,AZ,Arizona,Cervix,8,198,2518299,7.86
1999,AR,Arkansas,Cervix,11.6,161,1359445,11.84
1999,CA,California,Cervix,10.4,1691,16800161,10.07
1999,CO,Colorado,Cervix,6.4,136,2101358,6.47
1999,CT,Connecticut,Cervix,8.3,156,1747148,8.93
1999,DE,Delaware,Cervix,8.9,37,398732,9.28
1999,DC,District of Columbia,Cervix,11.7,36,301797,11.93
1999,FL,Florida,Cervix,11.5,984,8073847,12.19
1999,GA,Georgia,Cervix,11,442,4096031,10.79
1999,HI,Hawaii,Cervix,9.7,61,601830,10.14
1999,ID,Idaho,Cervix,6.3,38,636798,5.97
1999,IL,Illinois,Cervix,10.9,694,6313350,10.99
1999,IN,Indiana,Cervix,8.5,262,3083351,8.50
1999,IA,Iowa,Cervix,10.3,153,1488223,10.28
1999,KS,Kansas,Cervix,9.4,127,1356044,9.37
1999,KY,Kentucky,Cervix,11.5,244,2056401,11.87
1999,LA,Louisiana,Cervix,12.6,286,2302744,12.42
1999,ME,Maine,Cervix,7.7,55,650598,8.45
1999,MD,Maryland,Cervix,8.5,241,2716928,8.87
1999,MA,Massachusetts,Cervix,6.8,236,3274830,7.21
1999,MI,Michigan,Cervix,8.7,449,5047770,8.90
1999,MN,Minnesota,Cervix,7,175,2462931,7.11
1999,MS,Mississippi,Cervix,Data Suppressed,Data Suppressed,,
1999,MO,Missouri,Cervix,9.2,271,2860166,9.47
1999,MT,Montana,Cervix,9,41,450543,9.10
1999,NE,Nebraska,Cervix,8.8,75,865531,8.67
1999,NV,Nevada,Cervix,9.8,94,949422,9.90
1999,NH,New Hampshire,Cervix,6.8,45,621409,7.24
1999,NJ,New Jersey,Cervix,10.7,488,4304271,11.34
1999,NM,New Mexico,Cervix,7.4,67,918661,7.29
1999,NY,New York,Cervix,10.1,1037,9777654,10.61
1999,NC,North Carolina,Cervix,9.5,400,4062710,9.85
1999,ND,North Dakota,Cervix,5.3,17,322617,5.27
1999,OH,Ohio,Cervix,8.9,536,5835017,9.19
1999,OK,Oklahoma,Cervix,10,175,1748783,10.01
1999,OR,Oregon,Cervix,8.5,149,1712226,8.70
1999,PA,Pennsylvania,Cervix,9.4,630,6347064,9.93
1999,PR,Puerto Rico,,Data Suppressed,Data Suppressed,,
1999,RI,Rhode Island,Cervix,9.1,51,540724,9.43
1999,SC,South Carolina,Cervix,12.2,255,2045606,12.47
1999,SD,South Dakota,Cervix,Data Suppressed,Data Suppressed,,
1999,TN,Tennessee,Cervix,9.3,280,2897466,9.66
1999,TX,Texas,Cervix,11.4,1126,10360202,10.87
1999,United States,United States,Cervix,9.7,13914,140394214,9.91
1999,UT,Utah,Cervix,6,55,1100167,5.00
1999,VT,Vermont,Cervix,9.9,32,308398,10.38
1999,VA,Virginia,Cervix,9,334,3569683,9.36
1999,WA,Washington,Cervix,7.6,228,2934901,7.77
1999,WV,West Virginia,Cervix,13.8,138,931809,14.81
1999,WI,Wisconsin,Cervix,9.1,248,2701525,9.18
1999,WY,Wyoming,Cervix,9,22,244518,9.00
2000,AL,Alabama,Cervix,9.9,237,2302835,10.29
2000,AK,Alaska,Cervix,7.4,23,303213,7.59
2000,AZ,Arizona,Cervix,7,181,2584579,7.00
2000,ArKS,Arkansas,Cervix,10.8,152,1371015,11.09
2000,CA,California,Cervix,10,1673,17050415,9.81
2000,CO,Colorado,Cervix,7,153,2147742,7.12
2000,CT,Connecticut,Cervix,6.7,128,1759318,7.28
2000,DE,Delaware,Cervix,11.3,48,404447,11.87
2000,DC,District of Columbia,Cervix,13.9,43,302643,14.21
2000,FL,Florida,Cervix,12.1,1055,8217314,12.84
2000,GA,Georgia,Cervix,9.9,411,4180233,9.83
2000,HI,Hawaii,Cervix,9.3,59,603494,9.78
2000,ID,Idaho,Cervix,7.2,44,647984,6.79
2000,IL,Illinois,Cervix,11.4,728,6345277,11.47
2000,IN,Indiana,Cervix,9.3,290,3103169,9.35
2000,IA,Iowa,Cervix,8.2,123,1491775,8.25
2000,KS,Kansas,Cervix,9,123,1362500,9.03
2000,KY,Kentucky,Cervix,11.5,245,2069716,11.84
2000,LA,Louisiana,Cervix,11.3,257,2306978,11.14
2000,ME,Maine,Cervix,6.5,46,655545,7.02
2000,MD,Maryland,Cervix,7.8,224,2746031,8.16
2000,MA,Massachusetts,Cervix,7.1,252,3296245,7.65
2000,MI,Michigan,Cervix,8.8,458,5072182,9.03
2000,MN,Minnesota,Cervix,6.9,172,2490622,6.91
2000,MS,Mississippi,Cervix,Data Suppressed,Data Suppressed,,
2000,MO,Missouri,Cervix,9.9,294,2879787,10.21
2000,MT,Montana,Cervix,9.5,43,453425,9.48
2000,NE,Nebraska,Cervix,9.5,82,868980,9.44
2000,NV,Nevada,Cervix,12.6,125,990315,12.62
2000,NH,New Hampshire,Cervix,10.1,65,630111,10.32
2000,NJ,New Jersey,Cervix,10,467,4340112,10.76
2000,NM,New Mexico,Cervix,8.6,78,925624,8.43
2000,NY,New York,Cervix,9.9,1025,9842061,10.41
2000,NC,North Carolina,Cervix,9.1,388,4119034,9.42
2000,ND,North Dakota,Cervix,6.7,22,321555,6.84
2000,OH,Ohio,Cervix,8.8,531,5845425,9.08
2000,OK,Oklahoma,Cervix,10.3,182,1756493,10.36
2000,OR,Oregon,Cervix,8.5,152,1728647,8.79
2000,PA,Pennsylvania,Cervix,9.4,628,6351999,9.89
2000,PR,Puerto Rico,,Data Suppressed,Data Suppressed,,
2000,RI,Rhode Island,Cervix,8.7,49,545774,8.98
2000,SC,South Carolina,Cervix,9.4,199,2068627,9.62
2000,SD,South Dakota,Cervix,Data Suppressed,Data Suppressed,,
2000,TN,Tennessee,Cervix,9.2,282,2926133,9.64
2000,TX,Texas,Cervix,11.4,1145,10545156,10.86
2000,United States,United States,Cervix,9.6,13898,141865770,9.80
2000,UT,Utah,Cervix,6.8,64,1119827,5.72
2000,VT,Vermont,Cervix,11.2,37,310849,11.90
2000,VA,Virginia,Cervix,7.6,287,3619742,7.93
2000,WA,Washington,Cervix,7.8,235,2967734,7.92
2000,WV,West Virginia,Cervix,11.2,113,928269,12.17
2000,WI,Wisconsin,Cervix,9.4,258,2719235,9.49
2000,WY,Wyoming,Cervix,9,22,245584,8.96
2001,AL,Alabama,Cervix,9.7,232,2309496,10.05
2001,AK,Alaska,Cervix,10.2,29,305579,9.49
2001,AZ,Arizona,Cervix,8,209,2641676,7.91
2001,ArKS,Arkansas,Cervix,11.4,159,1376845,11.55
2001,CA,California,Cervix,9.1,1537,17294223,8.89
2001,CO,Colorado,Cervix,7.6,168,2195705,7.65
2001,CT,Connecticut,Cervix,7.1,136,1768959,7.69
2001,DE,Delaware,Cervix,10.1,43,409349,10.50
2001,DC,District of Columbia,Cervix,10.7,34,303740,11.19
2001,FL,Florida,Cervix,11.2,1009,8372776,12.05
2001,GA,Georgia,Cervix,9.3,393,4256162,9.23
2001,HI,Hawaii,Cervix,9.2,58,609189,9.52
2001,ID,Idaho,Cervix,6.8,42,658043,6.38
2001,IL,Illinois,Cervix,10,645,6370443,10.12
2001,IN,Indiana,Cervix,9.3,291,3120158,9.33
2001,IA,Iowa,Cervix,7.9,119,1492287,7.97
2001,KS,Kansas,Cervix,9.5,129,1365966,9.44
2001,KY,Kentucky,Cervix,11.3,243,2076871,11.70
2001,LA,Louisiana,Cervix,10,228,2308063,9.88
2001,ME,Maine,Cervix,8.9,64,659657,9.70
2001,MD,Maryland,Cervix,6.9,200,2779864,7.19
2001,MA,Massachusetts,Cervix,6.5,230,3312567,6.94
2001,MI,Michigan,Cervix,8.9,461,5089289,9.06
2001,MN,Minnesota,Cervix,6.9,175,2514149,6.96
2001,MS,Mississippi,Cervix,Data Suppressed,Data Suppressed,,
2001,MO,Missouri,Cervix,9.1,271,2895476,9.36
2001,MT,Montana,Cervix,10.1,48,454683,10.56
2001,NE,Nebraska,Cervix,7.6,66,871208,7.58
2001,NV,Nevada,Cervix,8.7,90,1030850,8.73
2001,NH,New Hampshire,Cervix,6.7,45,637412,7.06
2001,NJ,New Jersey,Cervix,10.3,478,4369932,10.94
2001,NM,New Mexico,Cervix,9.8,90,930387,9.67
2001,NY,New York,Cervix,9.1,953,9878713,9.65
2001,NC,North Carolina,Cervix,7.8,336,4187317,8.02
2001,ND,North Dakota,Cervix,4.9,16,319787,5.00
2001,OH,Ohio,Cervix,8,481,5853691,8.22
2001,OK,Oklahoma,Cervix,12.1,212,1760052,12.05
2001,OR,Oregon,Cervix,8,144,1747889,8.24
2001,PA,Pennsylvania,Cervix,8.5,568,6354395,8.94
2001,PR,Puerto Rico,,Data Suppressed,Data Suppressed,,
2001,RI,Rhode Island,Cervix,8.2,46,548974,8.38
2001,SC,South Carolina,Cervix,10,213,2089963,10.19
2001,SD,South Dakota,Cervix,8,30,381537,7.86
2001,TN,Tennessee,Cervix,7.7,237,2948421,8.04
2001,TX,Texas,Cervix,11.5,1177,10731190,10.97
2001,United States,United States,Cervix,9,13269,143603977,9.24
2001,UT,Utah,Cervix,6.2,60,1139182,5.27
2001,VT,Vermont,Cervix,6.7,22,311779,7.06
2001,VA,Virginia,Cervix,7.8,296,3665386,8.08
2001,WA,Washington,Cervix,7.4,225,3002080,7.49
2001,WV,West Virginia,Cervix,12.3,127,923643,13.75
2001,WI,Wisconsin,Cervix,6.7,186,2733647,6.80
2001,WY,Wyoming,Cervix,7.5,18,245327,7.34
2002,AL,Alabama,Cervix,10.8,261,2314370,11.28
2002,AK,Alaska,Cervix,7.8,23,309633,7.43
2002,AZ,Arizona,Cervix,7.6,201,2704217,7.43
2002,ArKS,Arkansas,Cervix,8.5,121,1383239,8.75
2002,CA,California,Cervix,9.1,1558,17498462,8.90
2002,CO,Colorado,Cervix,7.4,168,2228665,7.54
2002,CT,Connecticut,Cervix,6.2,121,1780500,6.80
2002,DE,Delaware,Cervix,8.7,37,414652,8.92
2002,DC,District of Columbia,Cervix,10.7,34,303146,11.22
2002,FL,Florida,Cervix,10.5,969,8541734,11.34
2002,GA,Georgia,Cervix,9.7,418,4327934,9.66
2002,HI,Hawaii,Cervix,7.1,47,616192,7.63
2002,ID,Idaho,Cervix,8.1,51,668686,7.63
2002,IL,Illinois,Cervix,9.4,607,6387897,9.50
2002,IN,Indiana,Cervix,9,284,3133342,9.06
2002,IA,Iowa,Cervix,7.7,119,1491450,7.98
2002,KS,Kansas,Cervix,7,96,1371898,7.00
2002,KY,Kentucky,Cervix,10.4,226,2087223,10.83
2002,LA,Louisiana,Cervix,10.2,232,2315524,10.02
2002,ME,Maine,Cervix,7.4,52,664226,7.83
2002,MD,Maryland,Cervix,8.5,249,2815197,8.84
2002,MA,Massachusetts,Cervix,6.8,238,3319436,7.17
2002,MI,Michigan,Cervix,8,416,5100171,8.16
2002,MN,Minnesota,Cervix,6.8,171,2531205,6.76
2002,MS,Mississippi,Cervix,Data Suppressed,Data Suppressed,,
2002,MO,Missouri,Cervix,8.6,256,2910476,8.80
2002,MT,Montana,Cervix,8.4,40,456712,8.76
2002,NE,Nebraska,Cervix,9,78,874803,8.92
2002,NV,Nevada,Cervix,9.5,103,1069764,9.63
2002,NH,New Hampshire,Cervix,7.9,54,643680,8.39
2002,NJ,New Jersey,Cervix,9.2,435,4398801,9.89
2002,NM,New Mexico,Cervix,8.5,80,941856,8.49
2002,NY,New York,Cervix,8.9,936,9902927,9.45
2002,NC,North Carolina,Cervix,7.8,343,4250179,8.07
2002,ND,North Dakota,Cervix,8.1,25,319017,7.84
2002,OH,Ohio,Cervix,8,487,5859385,8.31
2002,OK,Oklahoma,Cervix,9.3,163,1769080,9.21
2002,OR,Oregon,Cervix,7.2,131,1771126,7.40
2002,PA,Pennsylvania,Cervix,8.1,559,6363832,8.78
2002,PR,Puerto Rico,,Data Suppressed,Data Suppressed,,
2002,RI,Rhode Island,Cervix,6.3,36,553090,6.51
2002,SC,South Carolina,Cervix,10.4,227,2111069,10.75
2002,SD,South Dakota,Cervix,7.4,27,382328,7.06
2002,TN,Tennessee,Cervix,8,249,2971873,8.38
2002,TX,Texas,Cervix,10.3,1085,10914653,9.94
2002,United States,United States,Cervix,8.7,12919,144919222,8.91
2002,UT,Utah,Cervix,7,68,1158853,5.87
2002,VT,Vermont,Cervix,8.7,29,312959,9.27
2002,VA,Virginia,Cervix,7.4,284,3713695,7.65
2002,WA,Washington,Cervix,7.1,218,3036742,7.18
2002,WV,West Virginia,Cervix,9.5,97,923841,10.50
2002,WI,Wisconsin,Cervix,6.9,189,2751697,6.87
2002,WY,Wyoming,Cervix,8.5,21,247785,8.48
2003,AL,Alabama,Cervix,8.5,204,2324069,8.78
2003,AK,Alaska,Cervix,6.5,18,313034,5.75
2003,AZ,Arizona,Cervix,7.5,201,2764077,7.27
2003,ArKS,Arkansas,Cervix,10,143,1391523,10.28
2003,CA,California,Cervix,8.3,1452,17709509,8.20
2003,CO,Colorado,Cervix,7.2,164,2253214,7.28
2003,CT,Connecticut,Cervix,6.8,130,1793468,7.25
2003,DE,Delaware,Cervix,5.9,26,420802,6.18
2003,DC,District of Columbia,Cervix,17,52,300607,17.30
2003,FL,Florida,Cervix,9.5,879,8697573,10.11
2003,GA,Georgia,Cervix,10,440,4394952,10.01
2003,HI,Hawaii,Cervix,9.1,58,623753,9.30
2003,ID,Idaho,Cervix,6.5,43,679877,6.32
2003,IL,Illinois,Cervix,9.6,625,6402859,9.76
2003,IN,Indiana,Cervix,8.4,266,3152366,8.44
2003,IA,Iowa,Cervix,7.6,116,1493907,7.76
2003,KS,Kansas,Cervix,8.1,110,1377415,7.99
2003,KY,Kentucky,Cervix,9,196,2102308,9.32
2003,LA,Louisiana,Cervix,9.3,214,2327153,9.20
2003,ME,Maine,Cervix,7.6,55,668680,8.23
2003,MD,Maryland,Cervix,9.3,275,2843847,9.67
2003,MA,Massachusetts,Cervix,5.3,188,3320817,5.66
2003,MI,Michigan,Cervix,8,420,5110521,8.22
2003,MN,Minnesota,Cervix,6.7,172,2546999,6.75
2003,MS,Mississippi,Cervix,8.7,129,1479611,8.72
2003,MO,Missouri,Cervix,8.2,247,2926556,8.44
2003,MT,Montana,Cervix,6.5,31,460116,6.74
2003,NE,Nebraska,Cervix,7.9,68,879362,7.73
2003,NV,Nevada,Cervix,9.7,108,1108135,9.75
2003,NH,New Hampshire,Cervix,6.8,47,648513,7.25
2003,NJ,New Jersey,Cervix,9.7,456,4421964,10.31
2003,NM,New Mexico,Cervix,7.6,72,952303,7.56
2003,NY,New York,Cervix,9,948,9917810,9.56
2003,NC,North Carolina,Cervix,7.4,332,4313901,7.70
2003,ND,North Dakota,Cervix,6,18,318896,5.64
2003,OH,Ohio,Cervix,8.4,512,5868535,8.72
2003,OK,Oklahoma,Cervix,9.4,166,1777723,9.34
2003,OR,Oregon,Cervix,6.3,116,1788805,6.48
2003,PA,Pennsylvania,Cervix,7.7,518,6377894,8.12
2003,PR,Puerto Rico,,Data Suppressed,Data Suppressed,,
2003,RI,Rhode Island,Cervix,6.7,38,555590,6.84
2003,SC,South Carolina,Cervix,8.5,187,2133967,8.76
2003,SD,South Dakota,Cervix,4.6,17,383633,4.43
2003,TN,Tennessee,Cervix,8.1,254,3000983,8.46
2003,TX,Texas,Cervix,10.8,1147,11095953,10.34
2003,United States,United States,Cervix,8.4,12711,147679036,8.61
2003,UT,Utah,Cervix,4.9,49,1175867,4.17
2003,VT,Vermont,Cervix,7.4,25,314206,7.96
2003,VA,Virginia,Cervix,6.5,252,3757780,6.71
2003,WA,Washington,Cervix,7.1,219,3065739,7.14
2003,WV,West Virginia,Cervix,9.6,95,925835,10.26
2003,WI,Wisconsin,Cervix,6.7,191,2766901,6.90
2003,WY,Wyoming,Cervix,9.3,22,249128,8.83
2004,AL,Alabama,Cervix,8.3,199,2337857,8.51
2004,AK,Alaska,Cervix,6.8,21,317807,6.61
2004,AZ,Arizona,Cervix,7.7,212,2835606,7.48
2004,ArKS,Arkansas,Cervix,10,139,1403048,9.91
2004,CA,California,Cervix,8.2,1449,17871415,8.11
2004,CO,Colorado,Cervix,6.2,143,2274511,6.29
2004,CT,Connecticut,Cervix,7.3,139,1798078,7.73
2004,DE,Delaware,Cervix,8.5,38,427320,8.89
2004,DC,District of Columbia,Cervix,13.9,44,300284,14.65
2004,FL,Florida,Cervix,9.3,885,8902447,9.94
2004,GA,Georgia,Cervix,8.2,362,4463524,8.11
2004,HI,Hawaii,Cervix,6.3,43,636864,6.75
2004,ID,Idaho,Cervix,5.7,38,693186,5.48
2004,IL,Illinois,Cervix,8.7,571,6414209,8.90
2004,IN,Indiana,Cervix,8.4,269,3168952,8.49
2004,IA,Iowa,Cervix,6.3,96,1498888,6.40
2004,KS,Kansas,Cervix,7.7,103,1382396,7.45
2004,KY,Kentucky,Cervix,10.1,219,2112051,10.37
2004,LA,Louisiana,Cervix,9.4,220,2338753,9.41
2004,ME,Maine,Cervix,9.3,67,671862,9.97
2004,MD,Maryland,Cervix,7.5,227,2870043,7.91
2004,MA,Massachusetts,Cervix,7,246,3314634,7.42
2004,MI,Michigan,Cervix,7.2,372,5117929,7.27
2004,MN,Minnesota,Cervix,6.2,163,2564037,6.36
2004,MS,Mississippi,Cervix,9.6,143,1490115,9.60
2004,MO,Missouri,Cervix,8.8,266,2942685,9.04
2004,MT,Montana,Cervix,6.8,32,465000,6.88
2004,NE,Nebraska,Cervix,7.1,63,883984,7.13
2004,NV,Nevada,Cervix,8,95,1156586,8.21
2004,NH,New Hampshire,Cervix,5.4,38,653845,5.81
2004,NJ,New Jersey,Cervix,9.5,455,4436964,10.25
2004,NM,New Mexico,Cervix,9.6,93,964738,9.64
2004,NY,New York,Cervix,8.2,863,9913527,8.71
2004,NC,North Carolina,Cervix,8.7,397,4376070,9.07
2004,ND,North Dakota,Cervix,6.4,20,321008,6.23
2004,OH,Ohio,Cervix,7.9,476,5874411,8.10
2004,OK,Oklahoma,Cervix,7.8,140,1784671,7.84
2004,OR,Oregon,Cervix,5.6,104,1800377,5.78
2004,PA,Pennsylvania,Cervix,7.8,532,6390749,8.32
2004,PR,Puerto Rico,,Data Suppressed,Data Suppressed,,
2004,RI,Rhode Island,Cervix,10.8,63,556375,11.32
2004,SC,South Carolina,Cervix,8.2,184,2162305,8.51
2004,SD,South Dakota,Cervix,7.2,27,386677,6.98
2004,TN,Tennessee,Cervix,8.8,275,3027931,9.08
2004,TX,Texas,Cervix,9.8,1071,11278402,9.50
2004,United States,United States,Cervix,8.2,12498,148977286,8.39
2004,UT,Utah,Cervix,6.5,64,1196749,5.35
2004,VT,Vermont,Cervix,6.8,23,315080,7.30
2004,VA,Virginia,Cervix,6.4,258,3814310,6.76
2004,WA,Washington,Cervix,7.1,224,3107815,7.21
2004,WV,West Virginia,Cervix,9.9,98,927027,10.57
2004,WI,Wisconsin,Cervix,7.4,208,2782678,7.47
2004,WY,Wyoming,Cervix,9.2,21,251506,8.35
2005,AL,Alabama,Cervix,8.1,197,2354514,8.37
2005,AK,Alaska,Cervix,9.8,28,320920,8.72
2005,AZ,Arizona,Cervix,7.5,213,2930811,7.27
2005,ArKS,Arkansas,Cervix,9.8,139,1418295,9.80
2005,CA,California,Cervix,8.6,1533,17996230,8.52
2005,CO,Colorado,Cervix,6.5,154,2308238,6.67
2005,CT,Connecticut,Cervix,6.1,119,1802068,6.60
2005,DE,Delaware,Cervix,8.6,38,435227,8.73
2005,DC,District of Columbia,Cervix,13,39,299613,13.02
2005,FL,Florida,Cervix,9.7,942,9117950,10.33
2005,GA,Georgia,Cervix,8.3,379,4555263,8.32
2005,HI,Hawaii,Cervix,6.2,44,644813,6.82
2005,ID,Idaho,Cervix,7.8,54,711983,7.58
2005,IL,Illinois,Cervix,8.8,580,6423831,9.03
2005,IN,Indiana,Cervix,8,258,3191481,8.08
2005,IA,Iowa,Cervix,7.3,109,1503019,7.25
2005,KS,Kansas,Cervix,8,110,1387958,7.93
2005,KY,Kentucky,Cervix,9.5,212,2129658,9.95
2005,LA,Louisiana,Cervix,9.5,214,2263201,9.46
2005,ME,Maine,Cervix,6.8,47,674104,6.97
2005,MD,Maryland,Cervix,8.1,244,2891761,8.44
2005,MA,Massachusetts,Cervix,6.1,213,3309010,6.44
2005,MI,Michigan,Cervix,7.3,379,5114320,7.41
2005,MN,Minnesota,Cervix,6.3,168,2579546,6.51
2005,MS,Mississippi,Cervix,9.7,144,1482601,9.71
2005,MO,Missouri,Cervix,8.2,251,2962870,8.47
2005,MT,Montana,Cervix,3.7,20,469780,4.26
2005,NE,Nebraska,Cervix,7.5,64,889468,7.20
2005,NV,Nevada,Cervix,10,122,1198846,10.18
2005,NH,New Hampshire,Cervix,7.5,51,657932,7.75
2005,NJ,New Jersey,Cervix,8.6,412,4443545,9.27
2005,NM,New Mexico,Cervix,8.8,83,978520,8.48
2005,NY,New York,Cervix,9.1,961,9887467,9.72
2005,NC,North Carolina,Cervix,8.2,382,4457189,8.57
2005,ND,North Dakota,Cervix,5.6,18,321543,5.60
2005,OH,Ohio,Cervix,8.2,500,5876703,8.51
2005,OK,Oklahoma,Cervix,8.6,158,1796475,8.80
2005,OR,Oregon,Cervix,6.1,116,1823447,6.36
2005,PA,Pennsylvania,Cervix,8,536,6405053,8.37
2005,PR,Puerto Rico,Cervix,10.1,202,1986644,10.17
2005,RI,Rhode Island,Cervix,8.6,48,552832,8.68
2005,SC,South Carolina,Cervix,7.8,177,2192345,8.07
2005,SD,South Dakota,Cervix,8.5,30,389021,7.71
2005,TN,Tennessee,Cervix,9.1,288,3068439,9.39
2005,TX,Texas,Cervix,10,1113,11467895,9.71
2005,United States,United States,Cervix,8.3,12803,150319521,8.52
2005,UT,Utah,Cervix,6.6,67,1224741,5.47
2005,VT,Vermont,Cervix,6.4,23,315422,7.29
2005,VA,Virginia,Cervix,7.2,288,3863646,7.45
2005,WA,Washington,Cervix,7.1,225,3145396,7.15
2005,WV,West Virginia,Cervix,11.1,109,927690,11.75
2005,WI,Wisconsin,Cervix,6.5,186,2797061,6.65
2005,WY,Wyoming,Cervix,7.1,18,253726,7.09
2006,AL,Alabama,Cervix,8.1,199,2385480,8.34
2006,AK,Alaska,Cervix,9.3,32,325121,9.84
2006,AZ,Arizona,Cervix,7.8,228,3026134,7.53
2006,ArKS,Arkansas,Cervix,9.6,140,1438428,9.73
2006,CA,California,Cervix,8.2,1475,18097471,8.15
2006,CO,Colorado,Cervix,7.7,182,2352960,7.73
2006,CT,Connecticut,Cervix,6.5,126,1807675,6.97
2006,DE,Delaware,Cervix,9.3,43,442766,9.71
2006,DC,District of Columbia,Cervix,9,27,301322,8.96
2006,FL,Florida,Cervix,9.7,957,9280080,10.31
2006,GA,Georgia,Cervix,7.6,357,4670606,7.64
2006,HI,Hawaii,Cervix,9.1,60,652351,9.20
2006,ID,Idaho,Cervix,7.9,55,732104,7.51
2006,IL,Illinois,Cervix,8.9,587,6440022,9.11
2006,IN,Indiana,Cervix,8.5,279,3218203,8.67
2006,IA,Iowa,Cervix,7,110,1511124,7.28
2006,KS,Kansas,Cervix,6,83,1394092,5.95
2006,KY,Kentucky,Cervix,9,202,2149096,9.40
2006,LA,Louisiana,Cervix,9.3,206,2204072,9.35
2006,ME,Maine,Cervix,6.6,49,676157,7.25
2006,MD,Maryland,Cervix,6.9,207,2907963,7.12
2006,MA,Massachusetts,Cervix,6.2,222,3311185,6.70
2006,MI,Michigan,Cervix,7.5,390,5106621,7.64
2006,MN,Minnesota,Cervix,5.9,155,2600951,5.96
2006,MS,Mississippi,Cervix,10.5,157,1496313,10.49
2006,MO,Missouri,Cervix,8.2,253,2987563,8.47
2006,MT,Montana,Cervix,6.3,31,475341,6.52
2006,NE,Nebraska,Cervix,5.7,52,894687,5.81
2006,NV,Nevada,Cervix,9,118,1243993,9.49
2006,NH,New Hampshire,Cervix,7.1,50,662773,7.54
2006,NJ,New Jersey,Cervix,9.6,457,4448099,10.27
2006,NM,New Mexico,Cervix,7.7,77,993969,7.75
2006,NY,New York,Cervix,8.5,904,9871401,9.16
2006,NC,North Carolina,Cervix,8.2,392,4563152,8.59
2006,ND,North Dakota,Cervix,Data Suppressed,Data Suppressed,322583,
2006,OH,Ohio,Cervix,8.5,508,5883067,8.63
2006,OK,Oklahoma,Cervix,10.5,192,1818693,10.56
2006,OR,Oregon,Cervix,6.6,124,1853117,6.69
2006,PA,Pennsylvania,Cervix,7.9,544,6429312,8.46
2006,PR,Puerto Rico,Cervix,10.3,206,1979256,10.41
2006,RI,Rhode Island,Cervix,7.2,41,550134,7.45
2006,SC,South Carolina,Cervix,8.7,201,2237655,8.98
2006,SD,South Dakota,Cervix,5,20,392420,5.10
2006,TN,Tennessee,Cervix,8.9,286,3121455,9.16
2006,TX,Texas,Cervix,9.2,1050,11771243,8.92
2006,United States,United States,Cervix,8.2,12718,151732647,8.38
2006,UT,Utah,Cervix,5.7,61,1257991,4.85
2006,VT,Vermont,Cervix,5.5,17,316290,5.37
2006,VA,Virginia,Cervix,7,284,3908475,7.27
2006,WA,Washington,Cervix,7.6,247,3200695,7.72
2006,WV,West Virginia,Cervix,8.7,83,930605,8.92
2006,WI,Wisconsin,Cervix,5.5,159,2812276,5.65
2006,WY,Wyoming,Cervix,10.4,26,257361,10.10
2007,AL,Alabama,Cervix,9.7,237,2407275,9.85
2007,AK,Alaska,Cervix,6.9,21,327138,6.42
2007,AZ,Arizona,Cervix,8,245,3096998,7.91
2007,ArKS,Arkansas,Cervix,10,147,1451358,10.13
2007,CA,California,Cervix,8.3,1521,18214926,8.35
2007,CO,Colorado,Cervix,7,171,2396433,7.14
2007,CT,Connecticut,Cervix,6.9,133,1811617,7.34
2007,DE,Delaware,Cervix,8.6,42,449398,9.35
2007,DC,District of Columbia,Cervix,11.7,37,302949,12.21
2007,FL,Florida,Cervix,9.2,935,9378587,9.97
2007,GA,Georgia,Cervix,8.7,414,4777572,8.67
2007,HI,Hawaii,Cervix,6.6,45,657185,6.85
2007,ID,Idaho,Cervix,4.7,35,750127,4.67
2007,IL,Illinois,Cervix,8.6,570,6467577,8.81
2007,IN,Indiana,Cervix,7.6,249,3241454,7.68
2007,IA,Iowa,Cervix,6.1,93,1518023,6.13
2007,KS,Kansas,Cervix,6.8,94,1405705,6.69
2007,KY,Kentucky,Cervix,9.1,203,2164210,9.38
2007,LA,Louisiana,Cervix,9.3,208,2239125,9.29
2007,ME,Maine,Cervix,7.6,56,677797,8.26
2007,MD,Maryland,Cervix,6.6,200,2920109,6.85
2007,MA,Massachusetts,Cervix,5.4,192,3321653,5.78
2007,MI,Michigan,Cervix,8.3,421,5091035,8.27
2007,MN,Minnesota,Cervix,5.6,151,2622551,5.76
2007,MS,Mississippi,Cervix,9,139,1507071,9.22
2007,MO,Missouri,Cervix,8.5,262,3007493,8.71
2007,MT,Montana,Cervix,5.7,29,480939,6.03
2007,NE,Nebraska,Cervix,8.1,69,900106,7.67
2007,NV,Nevada,Cervix,7.1,93,1284052,7.24
2007,NH,New Hampshire,Cervix,5.1,35,664987,5.26
2007,NJ,New Jersey,Cervix,9.3,446,4455148,10.01
2007,NM,New Mexico,Cervix,6.6,66,1007922,6.55
2007,NY,New York,Cervix,8.6,916,9881510,9.27
2007,NC,North Carolina,Cervix,7.3,355,4677313,7.59
2007,ND,North Dakota,Cervix,Data Suppressed,Data Suppressed,324066,
2007,OH,Ohio,Cervix,7.8,473,5890965,8.03
2007,OK,Oklahoma,Cervix,10.3,191,1837175,10.40
2007,OR,Oregon,Cervix,8.1,154,1879347,8.19
2007,PA,Pennsylvania,Cervix,8.4,566,6452087,8.77
2007,PR,Puerto Rico,Cervix,11.7,231,1968707,11.73
2007,RI,Rhode Island,Cervix,7.2,43,546859,7.86
2007,SC,South Carolina,Cervix,8.4,198,2280792,8.68
2007,SD,South Dakota,Cervix,5.7,23,396650,5.80
2007,TN,Tennessee,Cervix,7.9,262,3162280,8.29
2007,TX,Texas,Cervix,9.8,1144,12010572,9.52
2007,United States,United States,Cervix,8.1,12720,153166353,8.30
2007,UT,Utah,Cervix,5.1,55,1292672,4.25
2007,VT,Vermont,Cervix,Data Suppressed,Data Suppressed,316538,
2007,VA,Virginia,Cervix,6.5,270,3947966,6.84
2007,WA,Washington,Cervix,6.1,201,3247800,6.19
2007,WV,West Virginia,Cervix,9.6,99,932683,10.61
2007,WI,Wisconsin,Cervix,5.8,168,2827782,5.94
2007,WY,Wyoming,Cervix,6.4,18,262776,6.85
2008,AL,Alabama,Cervix,8.2,199,2430257,8.19
2008,AK,Alaska,Cervix,8,27,329412,8.20
2008,AZ,Arizona,Cervix,7.1,228,3155278,7.23
2008,ArKS,Arkansas,Cervix,11.1,162,1464220,11.06
2008,CA,California,Cervix,8.5,1566,18396972,8.51
2008,CO,Colorado,Cervix,6.1,153,2439060,6.27
2008,CT,Connecticut,Cervix,5.1,100,1820749,5.49
2008,DE,Delaware,Cervix,9.1,44,455481,9.66
2008,DC,District of Columbia,Cervix,9.4,27,306265,8.82
2008,FL,Florida,Cervix,9.3,942,9465279,9.95
2008,GA,Georgia,Cervix,8.6,422,4856984,8.69
2008,HI,Hawaii,Cervix,8.3,56,665313,8.42
2008,ID,Idaho,Cervix,6.2,45,764792,5.88
2008,IL,Illinois,Cervix,9.7,647,6493537,9.96
2008,IN,Indiana,Cervix,7.3,248,3263963,7.60
2008,IA,Iowa,Cervix,7.4,111,1525539,7.28
2008,KS,Kansas,Cervix,6.1,83,1415563,5.86
2008,KY,Kentucky,Cervix,8.3,191,2183532,8.75
2008,LA,Louisiana,Cervix,11.1,256,2269630,11.28
2008,ME,Maine,Cervix,6.2,46,679413,6.77
2008,MD,Maryland,Cervix,6.6,205,2935788,6.98
2008,MA,Massachusetts,Cervix,5.4,197,3340730,5.90
2008,MI,Michigan,Cervix,7.1,370,5065899,7.30
2008,MN,Minnesota,Cervix,6.1,161,2642672,6.09
2008,MS,Mississippi,Cervix,10.5,161,1516955,10.61
2008,MO,Missouri,Cervix,7.4,225,3024837,7.44
2008,MT,Montana,Cervix,6.3,33,486477,6.78
2008,NE,Nebraska,Cervix,6.1,53,905814,5.85
2008,NV,Nevada,Cervix,8.7,118,1310601,9.00
2008,NH,New Hampshire,Cervix,6,42,666576,6.30
2008,NJ,New Jersey,Cervix,8.2,394,4469901,8.81
2008,NM,New Mexico,Cervix,8.3,85,1018578,8.34
2008,NY,New York,Cervix,8.5,901,9918841,9.08
2008,NC,North Carolina,Cervix,7,350,4771376,7.34
2008,ND,North Dakota,Cervix,9,28,326131,8.59
2008,OH,Ohio,Cervix,7.9,487,5896594,8.26
2008,OK,Oklahoma,Cervix,9.8,179,1854771,9.65
2008,OR,Oregon,Cervix,8.1,157,1903535,8.25
2008,PA,Pennsylvania,Cervix,7.8,545,6473295,8.42
2008,PR,Puerto Rico,Cervix,10.8,217,1957525,11.09
2008,RI,Rhode Island,Cervix,7.1,41,545412,7.52
2008,SC,South Carolina,Cervix,7.8,188,2325047,8.09
2008,SD,South Dakota,Cervix,6.6,25,400236,6.25
2008,TN,Tennessee,Cervix,9,299,3203115,9.33
2008,TX,Texas,Cervix,9.4,1109,12249936,9.05
2008,United States,United States,Cervix,8,12756,154604015,8.25
2008,UT,Utah,Cervix,4.9,56,1325631,4.22
2008,VT,Vermont,Cervix,Data Suppressed,Data Suppressed,316722,
2008,VA,Virginia,Cervix,6.5,269,3988983,6.74
2008,WA,Washington,Cervix,6.8,228,3293162,6.92
2008,WV,West Virginia,Cervix,10.2,98,934911,10.48
2008,WI,Wisconsin,Cervix,5.5,160,2842268,5.63
2008,WY,Wyoming,Cervix,9,24,267982,8.96
2009,AL,Alabama,Cervix,9.2,235,2448159,9.60
2009,AK,Alaska,Cervix,9.8,33,337002,9.79
2009,AZ,Arizona,Cervix,7.5,237,3189908,7.43
2009,ArKS,Arkansas,Cervix,10.4,152,1475013,10.30
2009,CA,California,Cervix,7.8,1452,18583075,7.81
2009,CO,Colorado,Cervix,6,149,2480710,6.01
2009,CT,Connecticut,Cervix,6.1,120,1828779,6.56
2009,DE,Delaware,Cervix,9.1,43,459795,9.35
2009,DC,District of Columbia,Cervix,6.7,20,311828,6.41
2009,FL,Florida,Cervix,9.7,985,9534289,10.33
2009,GA,Georgia,Cervix,8.3,411,4917756,8.36
2009,HI,Hawaii,Cervix,8.9,60,673075,8.91
2009,ID,Idaho,Cervix,5,38,775398,4.90
2009,IL,Illinois,Cervix,8.4,566,6520723,8.68
2009,IN,Indiana,Cervix,7.8,257,3281477,7.83
2009,IA,Iowa,Cervix,6.7,104,1532739,6.79
2009,KS,Kansas,Cervix,7.5,105,1428139,7.35
2009,KY,Kentucky,Cervix,9.3,209,2193136,9.53
2009,LA,Louisiana,Cervix,8.9,204,2295199,8.89
2009,ME,Maine,Cervix,6.4,48,678694,7.07
2009,MD,Maryland,Cervix,6.9,213,2960001,7.20
2009,MA,Massachusetts,Cervix,5.5,200,3365859,5.94
2009,MI,Michigan,Cervix,7.5,381,5044338,7.55
2009,MN,Minnesota,Cervix,6.3,168,2659958,6.32
2009,MS,Mississippi,Cervix,8.8,138,1522000,9.07
2009,MO,Missouri,Cervix,8.7,273,3042021,8.97
2009,MT,Montana,Cervix,7.7,39,490122,7.96
2009,NE,Nebraska,Cervix,8.5,73,913619,7.99
2009,NV,Nevada,Cervix,7.2,103,1327618,7.76
2009,NH,New Hampshire,Cervix,5.5,38,666875,5.70
2009,NJ,New Jersey,Cervix,8.8,429,4493506,9.55
2009,NM,New Mexico,Cervix,6.6,71,1031238,6.88
2009,NY,New York,Cervix,8.3,896,9966620,8.99
2009,NC,North Carolina,Cervix,7,348,4846501,7.18
2009,ND,North Dakota,Cervix,7.4,23,329674,6.98
2009,OH,Ohio,Cervix,8.3,499,5902018,8.45
2009,OK,Oklahoma,Cervix,10.9,203,1878034,10.81
2009,OR,Oregon,Cervix,7.5,145,1923209,7.54
2009,PA,Pennsylvania,Cervix,8.2,564,6497024,8.68
2009,PR,Puerto Rico,Cervix,12.7,250,1947361,12.84
2009,RI,Rhode Island,Cervix,6.5,36,544764,6.61
2009,SC,South Carolina,Cervix,10,240,2357030,10.18
2009,SD,South Dakota,Cervix,7.4,27,403198,6.70
2009,TN,Tennessee,Cervix,9.6,318,3231769,9.84
2009,TX,Texas,Cervix,9.5,1151,12500150,9.21
2009,United States,United States,Cervix,8.1,12915,155964075,8.28
2009,UT,Utah,Cervix,4.9,59,1355509,4.35
2009,VT,Vermont,Cervix,5.4,20,317128,6.31
2009,VA,Virginia,Cervix,6.4,269,4037895,6.66
2009,WA,Washington,Cervix,7.7,258,3343920,7.72
2009,WV,West Virginia,Cervix,10.6,103,937434,10.99
2009,WI,Wisconsin,Cervix,6,176,2856103,6.16
2009,WY,Wyoming,Cervix,8.9,26,274046,9.49
2010,AL,Alabama,Cervix,7.9,200,2462501,8.12
2010,AK,Alaska,Cervix,5,16,342348,4.67
2010,AZ,Arizona,Cervix,7.2,229,3223331,7.10
2010,ArKS,Arkansas,Cervix,11.2,164,1487273,11.03
2010,CA,California,Cervix,7.7,1456,18773276,7.76
2010,CO,Colorado,Cervix,6.2,160,2517949,6.35
2010,CT,Connecticut,Cervix,6.6,128,1836823,6.97
2010,DE,Delaware,Cervix,8.9,44,463974,9.48
2010,DC,District of Columbia,Cervix,10.3,31,319308,9.71
2010,FL,Florida,Cervix,8.8,915,9633882,9.50
2010,GA,Georgia,Cervix,7.6,387,4970859,7.79
2010,HI,Hawaii,Cervix,6.8,46,680708,6.76
2010,ID,Idaho,Cervix,6.9,51,783970,6.51
2010,IL,Illinois,Cervix,7.8,530,6543435,8.10
2010,IN,Indiana,Cervix,7.8,263,3297382,7.98
2010,IA,Iowa,Cervix,6.6,99,1539861,6.43
2010,KS,Kansas,Cervix,8.9,125,1440121,8.68
2010,KY,Kentucky,Cervix,8.9,205,2208920,9.28
2010,LA,Louisiana,Cervix,9.1,208,2319925,8.97
2010,ME,Maine,Cervix,6.5,48,677943,7.08
2010,MD,Maryland,Cervix,7.3,230,2988816,7.70
2010,MA,Massachusetts,Cervix,5.7,203,3390251,5.99
2010,MI,Michigan,Cervix,7,363,5032392,7.21
2010,MN,Minnesota,Cervix,6,165,2675292,6.17
2010,MS,Mississippi,Cervix,10.3,157,1527379,10.28
2010,MO,Missouri,Cervix,8.4,264,3058876,8.63
2010,MT,Montana,Cervix,6.1,35,493472,7.09
2010,NE,Nebraska,Cervix,6.4,56,921463,6.08
2010,NV,Nevada,Cervix,8.3,112,1338331,8.37
2010,NH,New Hampshire,Cervix,5.1,39,667248,5.84
2010,NJ,New Jersey,Cervix,8.1,400,4515662,8.86
2010,NM,New Mexico,Cervix,7.6,79,1044296,7.56
2010,NY,New York,Cervix,8.2,868,10010724,8.67
2010,NC,North Carolina,Cervix,6.6,343,4904404,6.99
2010,ND,North Dakota,Cervix,Data Suppressed,Data Suppressed,333653,
2010,OH,Ohio,Cervix,7.1,437,5905286,7.40
2010,OK,Oklahoma,Cervix,10.3,193,1899677,10.16
2010,OR,Oregon,Cervix,5.9,117,1938491,6.04
2010,PA,Pennsylvania,Cervix,7.1,500,6515318,7.67
2010,PR,Puerto Rico,Cervix,13,258,1938743,13.31
2010,RI,Rhode Island,Cervix,6.1,35,544718,6.43
2010,SC,South Carolina,Cervix,8.4,202,2380930,8.48
2010,SD,South Dakota,Cervix,5.5,22,407748,5.40
2010,TN,Tennessee,Cervix,8.5,285,3257576,8.75
2010,TX,Texas,Cervix,9.5,1185,12721747,9.31
2010,United States,United States,Cervix,7.7,12553,157249665,7.98
2010,UT,Utah,Cervix,6.2,75,1381267,5.43
2010,VT,Vermont,Cervix,5.1,19,317623,5.98
2010,VA,Virginia,Cervix,6.1,259,4085723,6.34
2010,WA,Washington,Cervix,7.1,253,3384508,7.48
2010,WV,West Virginia,Cervix,12.1,125,939948,13.30
2010,WI,Wisconsin,Cervix,6.5,192,2866332,6.70
2010,WY,Wyoming,Cervix,7.7,21,276725,7.59
2011,AL,Alabama,Cervix,8.2,207,2471124,8.38
2011,AK,Alaska,Cervix,5.8,21,346420,6.06
2011,AZ,Arizona,Cervix,6.5,209,3255268,6.42
2011,ArKS,Arkansas,Cervix,8.2,125,1496627,8.35
2011,CA,California,Cervix,7.3,1404,18941522,7.41
2011,CO,Colorado,Cervix,5.6,147,2555122,5.75
2011,CT,Connecticut,Cervix,6.7,124,1840904,6.74
2011,DE,Delaware,Cervix,8.7,44,468243,9.40
2011,DC,District of Columbia,Cervix,13.6,41,326595,12.55
2011,FL,Florida,Cervix,9.5,1000,9736576,10.27
2011,GA,Georgia,Cervix,7.8,397,5016509,7.91
2011,HI,Hawaii,Cervix,5.8,44,688528,6.39
2011,ID,Idaho,Cervix,7.1,54,790969,6.83
2011,IL,Illinois,Cervix,8.1,560,6555863,8.54
2011,IN,Indiana,Cervix,7.5,255,3310293,7.70
2011,IA,Iowa,Cervix,7.2,110,1546565,7.11
2011,KS,Kansas,Cervix,6.7,93,1445451,6.43
2011,KY,Kentucky,Cervix,8.1,185,2220604,8.33
2011,LA,Louisiana,Cervix,9.3,217,2336558,9.29
2011,ME,Maine,Cervix,7.5,53,678007,7.82
2011,MD,Maryland,Cervix,6.3,198,3013514,6.57
2011,MA,Massachusetts,Cervix,5.1,191,3412828,5.60
2011,MI,Michigan,Cervix,7.1,368,5034506,7.31
2011,MN,Minnesota,Cervix,6,167,2692147,6.20
2011,MS,Mississippi,Cervix,10.1,156,1531631,10.19
2011,MO,Missouri,Cervix,8.1,258,3065745,8.42
2011,MT,Montana,Cervix,6.3,35,497009,7.04
2011,NE,Nebraska,Cervix,7.4,67,926785,7.23
2011,NV,Nevada,Cervix,6,84,1345187,6.24
2011,NH,New Hampshire,Cervix,4.6,32,668935,4.78
2011,NJ,New Jersey,Cervix,7.8,391,4527643,8.64
2011,NM,New Mexico,Cervix,8.1,83,1052390,7.89
2011,NY,New York,Cervix,7.3,793,10056851,7.89
2011,NC,North Carolina,Cervix,7.6,390,4952048,7.88
2011,ND,North Dakota,Cervix,5.7,19,338166,5.62
2011,OH,Ohio,Cervix,8.3,503,5906025,8.52
2011,OK,Oklahoma,Cervix,8.7,161,1914243,8.41
2011,OR,Oregon,Cervix,6.6,131,1956689,6.69
2011,PA,Pennsylvania,Cervix,8.2,563,6528781,8.62
2011,PR,Puerto Rico,Cervix,13.6,270,1915291,14.10
2011,RI,Rhode Island,Cervix,4.6,25,544091,4.59
2011,SC,South Carolina,Cervix,7.4,182,2401300,7.58
2011,SD,South Dakota,Cervix,8.3,33,410308,8.04
2011,TN,Tennessee,Cervix,8.4,284,3281016,8.66
2011,TX,Texas,Cervix,9.3,1169,12925831,9.04
2011,United States,United States,Cervix,7.6,12472,158370501,7.88
2011,UT,Utah,Cervix,5.5,65,1400748,4.64
2011,VT,Vermont,Cervix,4.3,16,317948,5.03
2011,VA,Virginia,Cervix,6.2,265,4123702,6.43
2011,WA,Washington,Cervix,7,248,3424466,7.24
2011,WV,West Virginia,Cervix,10.1,97,940485,10.31
2011,WI,Wisconsin,Cervix,5.9,176,2873601,6.12
2011,WY,Wyoming,Cervix,11.3,32,278134,11.51
2012,AL,Alabama,Cervix,9.5,236,2480436,9.51
2012,AK,Alaska,Cervix,8,28,349778,8.01
2012,AZ,Arizona,Cervix,7.1,230,3296646,6.98
2012,ArKS,Arkansas,Cervix,9.5,141,1502409,9.38
2012,CA,California,Cervix,7.8,1501,19097277,7.86
2012,CO,Colorado,Cervix,5.7,152,2590172,5.87
2012,CT,Connecticut,Cervix,6.9,136,1843669,7.38
2012,DE,Delaware,Cervix,8.4,42,472124,8.90
2012,DC,District of Columbia,Cervix,8.7,30,334714,8.96
2012,FL,Florida,Cervix,8.8,942,9864969,9.55
2012,GA,Georgia,Cervix,8,411,5068404,8.11
2012,HI,Hawaii,Cervix,8.9,61,695606,8.77
2012,ID,Idaho,Cervix,6.6,53,796813,6.65
2012,IL,Illinois,Cervix,7.1,492,6562818,7.50
2012,IN,Indiana,Cervix,7.6,256,3319458,7.71
2012,IA,Iowa,Cervix,7.2,108,1550836,6.96
2012,KS,Kansas,Cervix,6.9,95,1451795,6.54
2012,KY,Kentucky,Cervix,9.2,210,2227546,9.43
2012,LA,Louisiana,Cervix,8.4,200,2350259,8.51
2012,ME,Maine,Cervix,4.3,31,677831,4.57
2012,MD,Maryland,Cervix,6.5,215,3036122,7.08
2012,MA,Massachusetts,Cervix,5,186,3435460,5.41
2012,MI,Michigan,Cervix,6.4,327,5038913,6.49
2012,MN,Minnesota,Cervix,5.4,153,2706227,5.65
2012,MS,Mississippi,Cervix,9.3,140,1534497,9.12
2012,MO,Missouri,Cervix,9.7,298,3072496,9.70
2012,MT,Montana,Cervix,7.1,35,499969,7.00
2012,NE,Nebraska,Cervix,6.8,59,932548,6.33
2012,NV,Nevada,Cervix,7.6,107,1361633,7.86
2012,NH,New Hampshire,Cervix,4.7,34,670911,5.07
2012,NJ,New Jersey,Cervix,7.3,366,4534588,8.07
2012,NM,New Mexico,Cervix,6.5,72,1054817,6.83
2012,NY,New York,Cervix,7.7,847,10088624,8.40
2012,NC,North Carolina,Cervix,7.4,389,5001181,7.78
2012,ND,North Dakota,Cervix,6.7,23,345038,6.67
2012,OH,Ohio,Cervix,6.8,421,5904138,7.13
2012,OK,Oklahoma,Cervix,8.1,155,1928266,8.04
2012,OR,Oregon,Cervix,6.5,129,1969955,6.55
2012,PA,Pennsylvania,Cervix,7.8,529,6533444,8.10
2012,PR,Puerto Rico,Cervix,11.8,235,1895416,12.40
2012,RI,Rhode Island,Cervix,7.7,45,544185,8.27
2012,SC,South Carolina,Cervix,7.1,179,2425622,7.38
2012,SD,South Dakota,Cervix,6,25,414663,6.03
2012,TN,Tennessee,Cervix,8.4,292,3308185,8.83
2012,TX,Texas,Cervix,9.2,1192,13141745,9.07
2012,United States,United States,Cervix,7.6,12466,159480635,7.82
2012,UT,Utah,Cervix,4.8,59,1419345,4.16
2012,VT,Vermont,Cervix,Data Suppressed,Data Suppressed,317491,
2012,VA,Virginia,Cervix,6.6,290,4165263,6.96
2012,WA,Washington,Cervix,6.1,219,3459044,6.33
2012,WV,West Virginia,Cervix,10.2,102,940205,10.85
2012,WI,Wisconsin,Cervix,6.4,194,2880310,6.74
2012,WY,Wyoming,Cervix,6.6,17,282190,6.02
2013,AL,Alabama,Cervix,8.6,225,2488451,9.04
2013,AK,Alaska,Cervix,6.6,20,351687,5.69
2013,AZ,Arizona,Cervix,6.5,220,3337128,6.59
2013,ArKS,Arkansas,Cervix,10.9,168,1506571,11.15
2013,CA,California,Cervix,7.2,1419,19257182,7.37
2013,CO,Colorado,Cervix,5.7,156,2627451,5.94
2013,CT,Connecticut,Cervix,7.4,141,1843190,7.65
2013,DE,Delaware,Cervix,6.4,36,476810,7.55
2013,DC,District of Columbia,Cervix,8.3,27,342422,7.89
2013,FL,Florida,Cervix,8.8,960,9991577,9.61
2013,GA,Georgia,Cervix,6.9,360,5109687,7.05
2013,HI,Hawaii,Cervix,6.5,49,701564,6.98
2013,ID,Idaho,Cervix,5.1,39,804640,4.85
2013,IL,Illinois,Cervix,7.3,510,6566512,7.77
2013,IN,Indiana,Cervix,7.7,256,3334467,7.68
2013,IA,Iowa,Cervix,5.7,93,1558562,5.97
2013,KS,Kansas,Cervix,7.2,100,1454421,6.88
2013,KY,Kentucky,Cervix,7.9,179,2235831,8.01
2013,LA,Louisiana,Cervix,8.2,192,2362258,8.13
2013,ME,Maine,Cervix,6,45,677601,6.64
2013,MD,Maryland,Cervix,6.1,195,3054346,6.38
2013,MA,Massachusetts,Cervix,5,182,3460982,5.26
2013,MI,Michigan,Cervix,6.7,345,5045064,6.84
2013,MN,Minnesota,Cervix,5.2,146,2724276,5.36
2013,MS,Mississippi,Cervix,8.2,132,1536846,8.59
2013,MO,Missouri,Cervix,7.9,251,3079277,8.15
2013,MT,Montana,Cervix,4.4,24,504489,4.76
2013,NE,Nebraska,Cervix,7.3,67,937543,7.15
2013,NV,Nevada,Cervix,8.8,126,1379061,9.14
2013,NH,New Hampshire,Cervix,3.6,28,671812,4.17
2013,NJ,New Jersey,Cervix,7.5,369,4538378,8.13
2013,NM,New Mexico,Cervix,7.3,77,1056816,7.29
2013,NY,New York,Cervix,8.1,891,10110966,8.81
2013,NC,North Carolina,Cervix,6.9,367,5050911,7.27
2013,ND,North Dakota,Cervix,Data Suppressed,Data Suppressed,353821,
2013,OH,Ohio,Cervix,7.6,464,5914624,7.84
2013,OK,Oklahoma,Cervix,9.8,184,1944887,9.46
2013,OR,Oregon,Cervix,6.8,142,1982002,7.16
2013,PA,Pennsylvania,Cervix,7.1,512,6532794,7.84
2013,PR,Puerto Rico,Cervix,12.4,235,1872797,12.55
2013,RI,Rhode Island,Cervix,7.5,41,544135,7.53
2013,SC,South Carolina,Cervix,8,202,2450408,8.24
2013,SD,South Dakota,Cervix,7.3,30,418793,7.16
2013,TN,Tennessee,Cervix,9.1,312,3329087,9.37
2013,TX,Texas,Cervix,9.1,1193,13337529,8.94
2013,United States,United States,Cervix,7.4,12323,160545893,7.68
2013,UT,Utah,Cervix,4.9,61,1441058,4.23
2013,VT,Vermont,Cervix,5.7,18,317406,5.67
2013,VA,Virginia,Cervix,5.9,259,4197755,6.17
2013,WA,Washington,Cervix,6.7,239,3490939,6.85
2013,WV,West Virginia,Cervix,8.2,77,938312,8.21
2013,WI,Wisconsin,Cervix,5.6,167,2888446,5.78
2013,WY,Wyoming,Cervix,6,17,285118,5.96
2014,AL,Alabama,Cervix,9.4,246,2495725,9.86
2014,AK,Alaska,Cervix,6.5,21,351081,5.98
2014,AZ,Arizona,Cervix,5.9,196,3385557,5.79
2014,ArKS,Arkansas,Cervix,9.4,139,1510809,9.20
2014,CA,California,Cervix,7.2,1427,19422017,7.35
2014,CO,Colorado,Cervix,6.4,175,2665581,6.57
2014,CT,Connecticut,Cervix,6.4,127,1842252,6.89
2014,DE,Delaware,Cervix,9.2,45,481448,9.35
2014,DC,District of Columbia,Cervix,10.6,35,348388,10.05
2014,FL,Florida,Cervix,8.8,978,10146227,9.64
2014,GA,Georgia,Cervix,8.3,437,5162257,8.47
2014,HI,Hawaii,Cervix,8.5,59,704261,8.38
2014,ID,Idaho,Cervix,6.3,50,814428,6.14
2014,IL,Illinois,Cervix,8.4,576,6560509,8.78
2014,IN,Indiana,Cervix,7.7,258,3346640,7.71
2014,IA,Iowa,Cervix,9.2,132,1565894,8.43
2014,KS,Kansas,Cervix,8.5,119,1456819,8.17
2014,KY,Kentucky,Cervix,9.3,214,2241404,9.55
2014,LA,Louisiana,Cervix,9.6,229,2372375,9.65
2014,ME,Maine,Cervix,6.2,49,679271,7.21
2014,MD,Maryland,Cervix,6.4,218,3072502,7.10
2014,MA,Massachusetts,Cervix,5.5,202,3484994,5.80
2014,MI,Michigan,Cervix,6.1,317,5050975,6.28
2014,MN,Minnesota,Cervix,4.7,136,2742170,4.96
2014,MS,Mississippi,Cervix,10.6,166,1538890,10.79
2014,MO,Missouri,Cervix,7.9,244,3086784,7.90
2014,MT,Montana,Cervix,7,40,508360,7.87
2014,NE,Nebraska,Cervix,8.8,80,943774,8.48
2014,NV,Nevada,Cervix,8.1,119,1401290,8.49
2014,NH,New Hampshire,Cervix,5,36,674573,5.34
2014,NJ,New Jersey,Cervix,7.6,373,4541269,8.21
2014,NM,New Mexico,Cervix,8.2,81,1055167,7.68
2014,NY,New York,Cervix,7.5,835,10122684,8.25
2014,NC,North Carolina,Cervix,7.7,405,5099723,7.94
2014,ND,North Dakota,Cervix,5.3,19,360130,5.28
2014,OH,Ohio,Cervix,7.8,485,5925788,8.18
2014,OK,Oklahoma,Cervix,9.5,179,1957329,9.15
2014,OR,Oregon,Cervix,7.4,151,2002391,7.54
2014,PA,Pennsylvania,Cervix,6.9,475,6536769,7.27
2014,RI,Rhode Island,Cervix,8.4,48,544071,8.82
2014,SC,South Carolina,Cervix,7.6,196,2482344,7.90
2014,SD,South Dakota,Cervix,8.8,36,421923,8.53
2014,TN,Tennessee,Cervix,8.7,304,3352533,9.07
2014,TX,Texas,Cervix,9.4,1253,13577164,9.23
2014,United States,United States,Cervix,7.7,12860,161690519,7.95
2014,UT,Utah,Cervix,4.5,58,1460537,3.97
2014,VT,Vermont,Cervix,Data Suppressed,Data Suppressed,316922,
2014,VA,Virginia,Cervix,6.9,301,4226409,7.12
2014,WA,Washington,Cervix,7.4,262,3533298,7.42
2014,WV,West Virginia,Cervix,9,89,936287,9.51
2014,WI,Wisconsin,Cervix,6.7,208,2895122,7.18
2014,WY,Wyoming,Cervix,6.2,18,285404,6.31
2015,AL,Alabama,Cervix,9.4,238,2501997,9.51
2015,AK,Alaska,Cervix,8.4,30,351714,8.53
2015,AZ,Arizona,Cervix,7.7,257,3435368,7.48
2015,ArKS,Arkansas,Cervix,10.6,165,1515816,10.89
2015,CA,California,Cervix,7.3,1459,19575981,7.45
2015,CO,Colorado,Cervix,6.4,180,2713032,6.63
2015,CT,Connecticut,Cervix,6.2,124,1838202,6.75
2015,DE,Delaware,Cervix,8.3,39,486044,8.02
2015,DC,District of Columbia,Cervix,9.3,35,355848,9.84
2015,FL,Florida,Cervix,9.2,1015,10330862,9.82
2015,GA,Georgia,Cervix,8.1,436,5222914,8.35
2015,HI,Hawaii,Cervix,6.5,46,707788,6.50
2015,ID,Idaho,Cervix,5.7,47,824601,5.70
2015,IL,Illinois,Cervix,7.3,499,6545496,7.62
2015,IN,Indiana,Cervix,8.8,295,3353205,8.80
2015,IA,Iowa,Cervix,7.2,114,1570465,7.26
2015,KS,Kansas,Cervix,9.1,127,1460522,8.70
2015,KY,Kentucky,Cervix,9.5,214,2246861,9.52
2015,LA,Louisiana,Cervix,9.8,237,2383171,9.94
2015,ME,Maine,Cervix,5.7,39,678342,5.75
2015,MD,Maryland,Cervix,6.8,232,3086658,7.52
2015,MA,Massachusetts,Cervix,5.2,198,3501089,5.66
2015,MI,Michigan,Cervix,7.6,401,5048777,7.94
2015,MN,Minnesota,Cervix,6.2,167,2755982,6.06
2015,MS,Mississippi,Cervix,9.5,152,1539560,9.87
2015,MO,Missouri,Cervix,8.3,261,3094077,8.44
2015,MT,Montana,Cervix,8,42,512294,8.20
2015,NE,Nebraska,Cervix,7.9,74,949042,7.80
2015,NV,Nevada,Cervix,9.3,133,1427439,9.32
2015,NH,New Hampshire,Cervix,6.3,43,675463,6.37
2015,NJ,New Jersey,Cervix,8.4,423,4542433,9.31
2015,NM,New Mexico,Cervix,8.3,85,1055341,8.05
2015,NY,New York,Cervix,7.9,866,10121136,8.56
2015,NC,North Carolina,Cervix,7.1,378,5150065,7.34
2015,ND,North Dakota,Cervix,Data Suppressed,Data Suppressed,367405,
2015,OH,Ohio,Cervix,7.9,482,5931200,8.13
2015,OK,Oklahoma,Cervix,8.9,172,1972948,8.72
2015,OR,Oregon,Cervix,7.7,157,2028279,7.74
2015,PA,Pennsylvania,Cervix,7.5,525,6531011,8.04
2015,RI,Rhode Island,Cervix,7.1,38,543623,6.99
2015,SC,South Carolina,Cervix,8.3,223,2518205,8.86
2015,SD,South Dakota,Cervix,5.4,24,424080,5.66
2015,TN,Tennessee,Cervix,8.2,292,3378397,8.64
2015,TX,Texas,Cervix,9.5,1296,13825817,9.37
2015,United States,United States,Cervix,7.8,13178,162832151,8.09
2015,UT,Utah,Cervix,5.1,64,1482384,4.32
2015,VT,Vermont,Cervix,Data Suppressed,Data Suppressed,316830,
2015,VA,Virginia,Cervix,5.9,264,4250855,6.21
2015,WA,Washington,Cervix,6.9,252,3586587,7.03
2015,WV,West Virginia,Cervix,8.3,81,931825,8.69
2015,WI,Wisconsin,Cervix,7.3,214,2898414,7.38
2015,WY,Wyoming,Cervix,Data Suppressed,Data Suppressed,286706,
2016,AL,Alabama,Cervix,10,252,2509613,10.04
2016,AK,Alaska,Cervix,7.4,26,353943,7.35
2016,AZ,Arizona,Cervix,6.6,232,3492446,6.64
2016,ArKS,Arkansas,Cervix,8.7,135,1521849,8.87
2016,CA,California,Cervix,7.6,1535,19696031,7.79
2016,CO,Colorado,Cervix,6.3,177,2755067,6.42
2016,CT,Connecticut,Cervix,6.3,116,1833898,6.33
2016,DE,Delaware,Cervix,8.4,42,490492,8.56
2016,DC,District of Columbia,Cervix,8.5,34,361065,9.42
2016,FL,Florida,Cervix,10,1133,10540185,10.75
2016,GA,Georgia,Cervix,7.8,421,5290447,7.96
2016,HI,Hawaii,Cervix,6.4,47,710710,6.61
2016,ID,Idaho,Cervix,7.7,62,840378,7.38
2016,IL,Illinois,Cervix,8.3,565,6523873,8.66
2016,IN,Indiana,Cervix,9,301,3366051,8.94
2016,IA,Iowa,Cervix,7.3,116,1575193,7.36
2016,KS,Kansas,Cervix,6.9,100,1461643,6.84
2016,KY,Kentucky,Cervix,10.4,232,2253107,10.30
2016,LA,Louisiana,Cervix,8.3,198,2392011,8.28
2016,ME,Maine,Cervix,5.4,40,680027,5.88
2016,MD,Maryland,Cervix,6.7,225,3095485,7.27
2016,MA,Massachusetts,Cervix,6.2,232,3515076,6.60
2016,MI,Michigan,Cervix,6.8,349,5055467,6.90
2016,MN,Minnesota,Cervix,5.9,162,2775344,5.84
2016,MS,Mississippi,Cervix,9.5,145,1540132,9.41
2016,MO,Missouri,Cervix,8.5,265,3101501,8.54
2016,MT,Montana,Cervix,8.6,48,517417,9.28
2016,NE,Nebraska,Cervix,5.7,57,955739,5.96
2016,NV,Nevada,Cervix,9.8,143,1453771,9.84
2016,NH,New Hampshire,Cervix,4.1,34,678325,5.01
2016,NJ,New Jersey,Cervix,7.6,372,4541709,8.19
2016,NM,New Mexico,Cervix,10.2,103,1056516,9.75
2016,NY,New York,Cervix,7.6,825,10104957,8.16
2016,NC,North Carolina,Cervix,7.5,407,5215042,7.80
2016,ND,North Dakota,Cervix,7.5,27,368008,7.34
2016,OH,Ohio,Cervix,8.2,493,5937561,8.30
2016,OK,Oklahoma,Cervix,9.3,180,1982104,9.08
2016,OR,Oregon,Cervix,6.6,142,2065178,6.88
2016,PA,Pennsylvania,Cervix,7.8,539,6527015,8.26
2016,RI,Rhode Island,Cervix,6.6,43,543662,7.91
2016,SC,South Carolina,Cervix,7.8,209,2553825,8.18
2016,SD,South Dakota,Cervix,6.9,29,428212,6.77
2016,TN,Tennessee,Cervix,8.7,311,3406813,9.13
2016,TX,Texas,Cervix,9.5,1309,14048837,9.32
2016,United States,United States,Cervix,7.9,13338,163986062,8.13
2016,UT,Utah,Cervix,5.9,81,1511904,5.36
2016,VT,Vermont,Cervix,Data Suppressed,Data Suppressed,316042,
2016,VA,Virginia,Cervix,6.3,283,4276468,6.62
2016,WA,Washington,Cervix,6.3,244,3650092,6.68
2016,WV,West Virginia,Cervix,9.1,84,926025,9.07
2016,WI,Wisconsin,Cervix,7.1,204,2903515,7.03
2016,WY,Wyoming,Cervix,5.9,18,286291,6.29
2017,AL,Alabama,Cervix,9.7,242,2517486,9.61
2017,AK,Alaska,Cervix,8.8,30,353997,8.47
2017,AZ,Arizona,Cervix,6.4,233,3545316,6.57
2017,ArKS,Arkansas,Cervix,8.1,129,1527948,8.44
2017,CA,California,Cervix,7.4,1508,19783962,7.62
2017,CO,Colorado,Cervix,6.4,183,2789649,6.56
2017,CT,Connecticut,Cervix,4.6,90,1831503,4.91
2017,DE,Delaware,Cervix,6.6,37,494606,7.48
2017,DC,District of Columbia,Cervix,7.9,27,366336,7.37
2017,FL,Florida,Cervix,9.1,1081,10720663,10.08
2017,GA,Georgia,Cervix,8.3,453,5349075,8.47
2017,HI,Hawaii,Cervix,6.5,48,710227,6.76
2017,ID,Idaho,Cervix,7.4,60,858030,6.99
2017,IL,Illinois,Cervix,7.5,525,6501339,8.08
2017,IN,Indiana,Cervix,8.2,284,3378096,8.41
2017,IA,Iowa,Cervix,8.1,125,1579862,7.91
2017,KS,Kansas,Cervix,7.2,100,1460476,6.85
2017,KY,Kentucky,Cervix,11,249,2260311,11.02
2017,LA,Louisiana,Cervix,9.6,231,2390634,9.66
2017,ME,Maine,Cervix,6.5,48,681559,7.04
2017,MD,Maryland,Cervix,6.9,229,3106751,7.37
2017,MA,Massachusetts,Cervix,5,192,3532606,5.44
2017,MI,Michigan,Cervix,6.6,337,5064544,6.65
2017,MN,Minnesota,Cervix,5.9,168,2796520,6.01
2017,MS,Mississippi,Cervix,9.5,146,1539672,9.48
2017,MO,Missouri,Cervix,7.8,250,3111381,8.04
2017,MT,Montana,Cervix,6.2,33,523400,6.30
2017,NE,Nebraska,Cervix,9.5,85,960422,8.85
2017,NV,Nevada,Cervix,9.5,143,1480860,9.66
2017,NH,New Hampshire,Cervix,4.8,38,681670,5.57
2017,NJ,New Jersey,Cervix,7.7,385,4547537,8.47
2017,NM,New Mexico,Cervix,6.9,73,1056754,6.91
2017,NY,New York,Cervix,8.2,901,10080806,8.94
2017,NC,North Carolina,Cervix,6.5,367,5274812,6.96
2017,ND,North Dakota,Cervix,8.1,29,369032,7.86
2017,OH,Ohio,Cervix,8.1,494,5949075,8.30
2017,OK,Oklahoma,Cervix,8.9,173,1984912,8.72
2017,OR,Oregon,Cervix,6.8,146,2091485,6.98
2017,PA,Pennsylvania,Cervix,7.5,514,6528507,7.87
2017,RI,Rhode Island,Cervix,6.4,33,542884,6.08
2017,SC,South Carolina,Cervix,7.7,200,2588374,7.73
2017,SD,South Dakota,Cervix,8.1,34,432891,7.85
2017,TN,Tennessee,Cervix,7.6,282,3438006,8.20
2017,TX,Texas,Cervix,9.2,1286,14238026,9.03
2017,United States,United States,Cervix,7.7,13139,165008683,7.96
2017,UT,Utah,Cervix,6.1,88,1540562,5.71
2017,VT,Vermont,Cervix,Data Suppressed,Data Suppressed,316438,
2017,VA,Virginia,Cervix,5.5,246,4302531,5.72
2017,WA,Washington,Cervix,6.7,257,3712553,6.92
2017,WV,West Virginia,Cervix,11.6,110,918498,11.98
2017,WI,Wisconsin,Cervix,6,176,2911984,6.04
2017,WY,Wyoming,Cervix,9.4,26,284115,9.15
2018,AL,Alabama,Cervix,8.4,222,2526183,8.79
2018,AK,Alaska,Cervix,8.5,30,352320,8.51
2018,AZ,Arizona,Cervix,6.1,217,3604059,6.02
2018,ArKS,Arkansas,Cervix,10.8,166,1533071,10.83
2018,CA,California,Cervix,7.5,1540,19829641,7.77
2018,CO,Colorado,Cervix,6.1,176,2828980,6.22
2018,CT,Connecticut,Cervix,6,119,1831360,6.50
2018,DE,Delaware,Cervix,8.8,47,499426,9.41
2018,DC,District of Columbia,Cervix,5.1,18,369821,4.87
2018,FL,Florida,Cervix,8.9,1041,10863662,9.58
2018,GA,Georgia,Cervix,7.5,416,5403773,7.70
2018,HI,Hawaii,Cervix,6.9,52,709720,7.33
2018,ID,Idaho,Cervix,8.3,70,873726,8.01
2018,IL,Illinois,Cervix,7.2,495,6472590,7.65
2018,IN,Indiana,Cervix,8.1,275,3395350,8.10
2018,IA,Iowa,Cervix,8.3,127,1582600,8.02
2018,KS,Kansas,Cervix,9.8,140,1461321,9.58
2018,KY,Kentucky,Cervix,9,212,2265345,9.36
2018,LA,Louisiana,Cervix,9.5,225,2387863,9.42
2018,ME,Maine,Cervix,4.3,32,683920,4.68
2018,MD,Maryland,Cervix,6.4,214,3115060,6.87
2018,MA,Massachusetts,Cervix,5.6,205,3544419,5.78
2018,MI,Michigan,Cervix,7.2,358,5068797,7.06
2018,MN,Minnesota,Cervix,4.8,138,2815323,4.90
2018,MS,Mississippi,Cervix,8.7,142,1536005,9.24
2018,MO,Missouri,Cervix,8.6,276,3119006,8.85
2018,MT,Montana,Cervix,5.4,30,527421,5.69
2018,NE,Nebraska,Cervix,6.4,61,964575,6.32
2018,NV,Nevada,Cervix,Data Suppressed,Data Suppressed,,
2018,NH,New Hampshire,Cervix,5.4,37,683488,5.41
2018,NJ,New Jersey,Cervix,8.1,395,4547534,8.69
2018,NM,New Mexico,Cervix,9,89,1057418,8.42
2018,NY,New York,Cervix,7.2,799,10053544,7.95
2018,NC,North Carolina,Cervix,7,396,5336021,7.42
2018,ND,North Dakota,Cervix,5.3,18,370951,4.85
2018,OH,Ohio,Cervix,7.5,455,5956223,7.64
2018,OK,Oklahoma,Cervix,11,218,1990175,10.95
2018,OR,Oregon,Cervix,6.6,147,2109387,6.97
2018,PA,Pennsylvania,Cervix,7,483,6532496,7.39
2018,RI,Rhode Island,Cervix,8.3,49,543905,9.01
2018,SC,South Carolina,Cervix,8,221,2623668,8.42
2018,SD,South Dakota,Cervix,5.6,22,435837,5.05
2018,TN,Tennessee,Cervix,9.2,327,3470870,9.42
2018,TX,Texas,Cervix,9.4,1331,14409326,9.24
2018,United States,United States,Cervix,7.6,12967,164367226,7.89
2018,UT,Utah,Cervix,5.2,72,1566159,4.60
2018,VT,Vermont,Cervix,Data Suppressed,Data Suppressed,316353,
2018,VA,Virginia,Cervix,6.1,279,4323072,6.45
2018,WA,Washington,Cervix,6.7,256,3760779,6.81
2018,WV,West Virginia,Cervix,10.6,100,912019,10.96
2018,WI,Wisconsin,Cervix,6.1,184,2918734,6.30
2018,WY,Wyoming,Cervix,11,32,283930,11.27
2019,AL,Alabama,Cervix,10.1,253,2536133,9.98
2019,AK,Alaska,Cervix,5.1,20,350790,5.70
2019,AZ,Arizona,Cervix,5.8,213,3669041,5.81
2019,ArKS,Arkansas,Cervix,9.5,151,1538076,9.82
2019,CA,California,Cervix,7.1,1455,19829085,7.34
2019,CO,Colorado,Cervix,5.6,166,2857610,5.81
2019,CT,Connecticut,Cervix,5.2,101,1826990,5.53
2019,DE,Delaware,Cervix,6.3,38,504571,7.53
2019,DC,District of Columbia,Cervix,8.2,31,372393,8.32
2019,FL,Florida,Cervix,9,1068,10987074,9.72
2019,GA,Georgia,Cervix,8.2,455,5462335,8.33
2019,HI,Hawaii,Cervix,7.4,56,706419,7.93
2019,ID,Idaho,Cervix,8,70,891995,7.85
2019,IL,Illinois,Cervix,7.4,499,6443120,7.74
2019,IN,Indiana,Cervix,8.1,266,3411571,7.80
2019,IA,Iowa,Cervix,7.5,112,1586636,7.06
2019,KS,Kansas,Cervix,7.6,102,1462080,6.98
2019,KY,Kentucky,Cervix,9.2,206,2269036,9.08
2019,LA,Louisiana,Cervix,9,223,2385969,9.35
2019,ME,Maine,Cervix,5.2,39,686674,5.68
2019,MD,Maryland,Cervix,6.6,223,3122480,7.14
2019,MA,Massachusetts,Cervix,4.8,189,3548380,5.33
2019,MI,Michigan,Cervix,6.2,323,5066743,6.37
2019,MN,Minnesota,Cervix,5.5,164,2830663,5.79
2019,MS,Mississippi,Cervix,9.1,137,1534587,8.93
2019,MO,Missouri,Cervix,8.9,280,3127846,8.95
2019,MT,Montana,Cervix,6.8,37,531486,6.96
2019,NE,Nebraska,Cervix,9.1,79,967601,8.16
2019,NV,Nevada,Cervix,Data Suppressed,Data Suppressed,,
2019,NH,New Hampshire,Cervix,6.1,47,686814,6.84
2019,NJ,New Jersey,Cervix,6.9,346,4545698,7.61
2019,NM,New Mexico,Cervix,7.8,83,1060654,7.83
2019,NY,New York,Cervix,7.5,812,10012065,8.11
2019,NC,North Carolina,Cervix,6.8,393,5393755,7.29
2019,ND,North Dakota,Cervix,4.9,19,372678,5.10
2019,OH,Ohio,Cervix,8,499,5962634,8.37
2019,OK,Oklahoma,Cervix,10.3,198,1999160,9.90
2019,OR,Oregon,Cervix,6.2,140,2126006,6.59
2019,PA,Pennsylvania,Cervix,7,487,6526489,7.46
2019,RI,Rhode Island,Cervix,6,33,543197,6.08
2019,SC,South Carolina,Cervix,7.9,217,2659704,8.16
2019,SD,South Dakota,Cervix,5.6,26,439553,5.92
2019,TN,Tennessee,Cervix,6.9,249,3498429,7.12
2019,TX,Texas,Cervix,9.5,1370,14591903,9.39
2019,United States,United States,Cervix,7.5,12795,165096351,7.75
2019,UT,Utah,Cervix,5.1,74,1589845,4.65
2019,VT,Vermont,Cervix,8.2,29,315738,9.18
2019,VA,Virginia,Cervix,6.1,283,4345858,6.51
2019,WA,Washington,Cervix,6.6,258,3802546,6.78
2019,WV,West Virginia,Cervix,7.4,73,906103,8.06
2019,WI,Wisconsin,Cervix,6,176,2925732,6.02
2019,WY,Wyoming,Cervix,10.2,27,284406,9.49